id,meters,price
41KYm,70,699000
42gSr,72,340000
423FK,30.80,219000
41uXQ,64.65,569000
41uUR,73.30,409000
41k2U,69.40,420000
41qVu,57,295000
41uLZ,53.82,Zapytajocenę
41uLT,46.53,Zapytajocenę
41uLJ,65.01,Zapytajocenę
41uLh,42.10,Zapytajocenę
41uL3,36.78,Zapytajocenę
41uL0,31.22,Zapytajocenę
41uKN,28.60,Zapytajocenę
41uKC,53.11,365000
41uJu,53.82,Zapytajocenę
41uJe,42.10,Zapytajocenę
41uJb,36.78,Zapytajocenę
41uIM,31.22,Zapytajocenę
41uIz,80.70,475000
41uIw,53.82,Zapytajocenę
41uHn,46.53,Zapytajocenę
41urK,48.91,317915
41um6,47.40,280000
41uey,73,490000
41u6Z,65.01,Zapytajocenę
41u6O,42.10,Zapytajocenę
3Zi2v,54,351000
3KWwu,66.40,385000
3Yqri,70,459000
41nHu,68.30,250000
42ch2,55,239000
42l5u,60,425000
3QjE4,70,420000
42ctX,58,335000
42cQE,46.70,330000
42cM2,83.05,557000
42cIf,49.50,309990
42cIc,60,389000
4039e,100,459000
42cEZ,66.75,387150
42cEV,32.38,210470
42cEW,53.41,320460
42cCx,97,599999
42cxR,73.08,435000
40HzO,20,97000
41Ftr,51.05,320000
413Cd,59.60,329000
42cnv,64.98,337896
42cjY,40.56,360000
42cfd,32.04,230000
3RamA,72,100000
40Q4h,71.30,417000
40Q4i,63.54,338000
42cdX,51,349000
42cdR,53.41,341824
42cdP,59.48,350932
42cdQ,59.48,344984
420D4,61.79,384000
4219Z,59.80,440000
42fmi,53.70,340000
42mFh,48.28,269000
3YBXi,61.08,279000
42mf9,39,250000
41VSo,29.35,205000
3ZXVv,69.62,415000
42mo9,68,475000
42mlQ,107.25,620000
426W5,44.30,320000
42mjF,29.23,195995
42mjC,45.09,247995
42mjA,60.72,315744
42mjv,40.04,220220
42mi0,59.75,440000
42mhT,83.50,490000
42mgI,74,315000
42mgC,79,565000
42mdy,92,475000
42maZ,26,180000
42m9X,21.41,180000
3JmIE,78.15,449000
425vX,45.93,245000
42m6p,37.70,279000
42lOP,61.50,430500
42m4o,48.48,95000
42m3j,37.30,279000
40Zcc,62,359000
414uD,50.04,277000
41Yme,70.79,700000
42fkl,36.15,165000
421Hw,130,630000
41HnG,36.30,263000
40KdK,70,629000
3Z1HV,68.15,365000
3YZSQ,48,271200
41X9X,50,329000
41X3u,59.60,329900
41VSm,64,390000
41VGn,49.76,Zapytajocenę
41VGb,33.03,Zapytajocenę
41VFL,34.74,Zapytajocenę
41VFC,44.89,Zapytajocenę
41VEs,33.04,Zapytajocenę
41VDZ,46.47,Zapytajocenę
41VDv,49.89,Zapytajocenę
41VDp,50.08,Zapytajocenę
41VCu,34.74,Zapytajocenę
41VCr,33.56,Zapytajocenę
41VBK,46.10,Zapytajocenę
41VBE,33.04,Zapytajocenę
41VB6,49.76,Zapytajocenę
41VAC,34.74,Zapytajocenę
41VAw,46.46,Zapytajocenę
41VAl,33.04,Zapytajocenę
41VzR,46.47,Zapytajocenę
41VzL,50.08,Zapytajocenę
41Vzy,33.56,Zapytajocenę
422DC,56.49,338900
41ZQ0,59,330000
41TqV,50.04,277000
41TpU,59.96,309000
41Tom,58,300000
41T9U,47,319000
41T5F,68,369000
41T43,85,438000
41lpj,49.18,250000
41SZG,48.20,265000
41SUF,39,234900
41SLz,43.79,253982
41SDT,74.50,449000
41Szp,66.80,285000
41Szm,55,337000
41Sy4,124.39,618000
41c7A,58,342000
41tIg,86,473000
41I5L,67.39,384190
41St7,18.21,200000
41Ssp,51.45,315000
41SrL,56,349000
41Saf,69.16,520000
41S04,68.50,389000
41RSH,51.60,329000
41RR8,46,330000
40QUT,34.20,265000
40fm4,36.26,205000
3QB96,48.85,278445
3QAti,48.59,265000
3Qy2M,104.13,650000
3QvkI,58,280000
3Qv24,50.59,249000
3QnWK,77.90,529000
3QjZV,73.98,385000
3QjZO,69.70,348289
3Qieg,51.34,460000
3QiaE,51.34,460000
3Qi9C,51.34,460000
3Qi8Q,26.55,250000
3Qi8A,25.47,250000
3Qi88,25.27,265000
3Qi6A,26.55,250000
3Qi6k,25.47,250000
3QhG8,40,250000
3QhfK,69.70,375000
3QhfO,65.15,325553
3Qf20,56.03,504270
3JV04,62.33,348424.70
3Q5Kv,72,359000
3MdXu,60.19,336462.10
3Q1xC,79.14,460000
423rF,48,329000
41NrI,32,220000
41fl3,73.10,343000
41RFV,40.17,255079.50
41RFe,28.59,170000
41RB7,67.50,384750
41RB8,67.50,384750
41RB5,44.84,260072
41RB4,67.40,384180
41RB2,66.70,380190
41RB3,67.50,411750
41RB1,67.50,378000
41RAZ,67.50,384750
41RAI,57.15,397000
41RAG,140,635000
41RoX,56,296000
41RoY,55,296000
41RoU,55,290000
41RoW,55,296000
41RoV,46,245000
41RoS,46,235000
41RaI,45.67,359000
41Qsm,45,211500
41Qm7,60.18,380000
41Qm2,55,248000
417zL,104.20,495000
425F3,70,395000
41nMq,36.25,299000
3QPhV,130.70,685000
3QO7C,65.01,341302.50
3fx6G,60.60,295000
3QL5K,124.23,535000
3QKd2,35.87,215220
3QJtK,47.49,327681
3QJt2,38.29,264201
3QJsU,35.75,246675
3QJsQ,53.54,364072
3QJss,49.91,344379
3QJsc,70.85,474695
3QJqv,65.01,334801.50
3QJqc,65.01,338052
3K3qA,58.61,301841.50
3K6wK,65.87,326056.50
3QI4o,77,380000
3QCUg,35.87,225981
3QCUk,54.55,338210
3QCIU,49.83,425000
3QC7u,71.63,444106
3QC7y,82.98,489582
3QC7i,49.16,290044
3QC7m,46.51,274409
3QB9a,65.01,338052
3Zpd6,46.10,322190
3fp6I,100,350000
3Q0XC,54.28,298430
3Q8aA,63.99,351780
3OCti,81,459000
42jlx,53.80,349800
42jlr,48,328800
42jlj,50,219900
42jio,53.41,341824
42jin,53.41,331142
41nMo,49,314996
41KMo,65,309000
425ur,80.70,475000
41gNi,65,649000
3PS5V,58.10,389000
400Xm,53.70,349000
41Q01,58,333900
42fgz,48,259000
42j9V,61.55,375455
42j9U,44.84,264556
42j9R,44.84,264556
42j9S,66.79,407419
42j9T,45.75,269925
42j9P,61.55,356990
42j9Q,67.39,384123
42j9O,32.38,207232
413G4,77,436000
41eys,70,420000
429uP,53.30,330000
42mEn,46.60,340000
3A7Ft,121,639000
40Ve8,41.98,264474
40Ve6,48.92,305750
40VdZ,59.37,362000
40VaV,32.38,208280
3Q8pS,61.30,321825
3KHz2,76.86,357399
3KIO4,54.73,276386.50
40WVa,35.87,225981
40WRp,51.81,331584
40WRl,29.23,195995
40WRn,69.24,414747.60
40WRk,41.98,265583
40WRi,48.91,298896
40WRg,55.24,346887.60
40WRh,51.81,326341.90
40WHf,36,235000
40WGa,35.87,215220
40WBj,59.40,315000
3YLZe,110,530000
3ZXVU,57.90,379900
40W6y,60.30,320000
40W5q,87.70,566000
40UVF,70,389000
40UOS,76.72,436000
4121s,62.22,337000
411Zf,69.24,414747.60
411oS,73,417000
410s0,55,264000
410on,32.80,179000
410dG,27,87000
410bB,58,350000
410by,84.70,566000
40ZvD,44.25,252000
40Zre,62.63,429000
40Zn4,73.14,370000
40ZiD,70,450000
40ZhF,61.86,615000
40Z9y,118,664900
40Z9x,68,439900
40Z9v,36.60,286000
40Z6K,41.06,220538
40Z6L,41.06,220538
40Z6H,36.29,196691
40Z6J,36.29,198424
40Z6F,36.36,197010
40Z6D,47.88,254677
40Z6C,39.70,213730
40Z6B,39.70,202153
41tUs,60.43,360000
41Yct,87.43,360000
3NpTi,48,249000
3X040,30.16,179452
3Ykdm,64.97,422305
3Yk9K,66,409000
3YjyA,44.29,350000
3YiOk,69.16,519000
3YigM,106.15,710000
3Ygus,39.28,237644
3YfMo,61,305000
3Yfog,46.91,260000
3YfgY,95.94,499000
3Yefu,180,499000
3Ybre,49.30,349000
3YavM,65.65,465000
3YavI,53.80,204000
3Y8jO,112,539000
3Y5aA,62.86,386589
3Y5as,41.53,251256.50
3Y5ao,40.99,247989.50
3Y5ag,40.99,247989.50
3Y5ac,40.99,247989.50
3Y5a4,37.15,224757.50
3Y59V,40.99,247989.50
3Y5a0,51.64,304676
3Y59S,44.29,267954.50
42nOB,44.40,350000
42gbo,47.20,275000
415Xd,76.20,129000
41tXW,51.46,303614
41tXU,60.13,354767
41tXT,37.13,224636.50
41tXj,71.85,351993
41tXg,36.78,Zapytajocenę
41tVz,31.22,Zapytajocenę
41tVa,53.82,Zapytajocenę
41tWZ,46.53,Zapytajocenę
41tWG,65.01,Zapytajocenę
41tUA,73,490000
41tSx,42.10,Zapytajocenę
41tSh,31.22,Zapytajocenę
41tQg,37,79000
41tMs,45.08,275000
41tAT,66,510000
41tzM,56,379000
41tu4,28.60,Zapytajocenę
41ttP,53.82,Zapytajocenę
41ttH,46.53,Zapytajocenę
41ttt,65.01,Zapytajocenę
41tt9,42.10,Zapytajocenę
41tre,36.78,Zapytajocenę
41tr9,31.22,Zapytajocenę
41tr0,28.60,Zapytajocenę
42kR1,61.20,365000
41y82,49,305000
40c7S,30.65,239000
41IEw,84,383000
41PBJ,88,422000
41PBH,52,329000
41PBF,82,409000
41Pve,68.50,389000
41Pvc,54,340000
41Pvd,55,369000
3ZKHu,85,445000
41Ptm,46,314999
41Pn9,51.60,329000
41Pk0,54.10,395000
41PfM,51.60,329000
40BYU,16.72,135000
40Ozw,88.50,464000
41HPo,36.50,215000
41P5w,70,420000
41P18,45.30,229000
41OWj,51,329000
41OLa,60,335000
41OKm,35.87,215220
41OGE,51.60,329000
41OoO,34.03,214389
41Atv,52.92,369000
3PjSU,145.01,579900
3PjU4,144.98,549900
420A7,53.10,399000
426hm,55,395000
3WEUU,81,697000
42aNw,64,419999
42eMA,61.30,321825
42eJq,33,245000
42eHV,22.80,152000
42eGX,49.87,284259
42eGY,64.16,343256
42eGb,49,382000
42eEK,35,410000
42eDe,45,220000
42eCG,40,120000
42eCE,36.10,257000
42etL,48,299000
3V2ZV,81,697000
3VDgE,92.25,489000
3V0Gv,84,697000
40UkC,47.80,339000
3TQO8,72,700000
3JHGk,57,430000
3vbzO,130,615000
3PFxm,46,255000
3NYTu,49.36,340000
3TQFy,54,500000
42eth,50.72,284032
42erw,98.40,355000
42ekq,134,497000
429Op,52.40,398000
428Da,45.70,284000
424yE,106,541500
41bnN,71.52,479000
3VhiI,52,291200
42g6l,40,360000
41Vw3,68,450000
42nyi,62.85,342532.50
42nyg,62.79,345345
42nyh,107.94,582876
42nye,107.94,582876
42nyf,62.85,345675
42nyb,62.85,345675
42nyd,107.94,582876
42ny9,62.79,342205.50
42ny6,62.85,345675
42ny7,62.79,339066
42ny1,62.79,345345
42ny4,62.79,342205.50
42ny5,62.79,345345
42nxY,62.85,342532.50
42nxZ,62.79,342205.50
42nxX,62.85,342532.50
42nv8,44,297000
42nsJ,54.40,376000
41HCL,64,369900
42nlk,750,380000
42mMF,34.32,279000
42nmf,34.32,279000
42675,49.20,339000
42nlR,73,470000
40ZND,110,590000
3Sf8E,55,269000
3Ynnu,51.81,326341.90
3YnnG,69.24,414747.60
3YnnK,51.81,331584
3YnnO,69.32,415226.80
3YnnV,48.92,305750
3YiX2,51.81,328941.90
3YiXu,55.25,349547.50
3YiYo,29.23,189995
3YiZO,39.87,257161.50
3YiZV,51.01,313711.50
3Yj0g,51.81,323812.50
3Yj0s,69.25,414807.50
3Yj0Q,29.23,189995
3Yjd6,51.81,326403
3Yjdq,69.33,415286.70
3YjdC,51.01,316262
3YjeY,51.81,326403
3Yjg8,48.91,321970.90
3YjgE,41.98,262187
3YiWV,59.15,369308.50
3YiVo,29.23,195995
3YiVv,39.89,268307
3YiVM,50.98,318037
3ZNHy,54,349000
41IYD,57.54,295000
41tqZ,53.82,Zapytajocenę
41tqJ,65.01,Zapytajocenę
41tqB,42.10,Zapytajocenę
41tqe,28.60,Zapytajocenę
41tq7,53.82,Zapytajocenę
41tq1,46.53,Zapytajocenę
41tpZ,65.01,Zapytajocenę
41tpW,42.10,Zapytajocenę
41tpf,69.16,519000
41t12,32.40,209000
41sRa,65.01,Zapytajocenę
41sQF,42.10,Zapytajocenę
41sQx,28.60,Zapytajocenę
41sQu,53.82,Zapytajocenę
41sPK,65.01,Zapytajocenę
41sPG,42.10,Zapytajocenę
41sPf,31.22,Zapytajocenę
41sOV,28.60,Zapytajocenę
41sOJ,53.82,Zapytajocenę
41sNS,65.01,Zapytajocenę
41sNE,31.22,Zapytajocenę
41sHk,79,469000
41sEt,59.40,315000
41sAf,65.90,365000
3D6k4,82.23,781185
3D6mY,42.36,402420
3D6w6,84.75,805125
3D6q0,26.33,250135
41XqX,50,325000
42fFq,58.20,335000
42fEU,48.30,299000
42fET,49,330000
42fEH,36.10,257000
42fjB,47.50,340000
42fgN,33,255000
42fgq,122.33,780000
41lwJ,57,399000
41wXe,51,277000
426Gr,47.50,283000
42fb5,60.20,298900
4218f,34.53,260000
41Nft,46,307000
42byS,55.90,349000
41PIK,51.60,329000
41ylK,60,319000
42f4i,46.70,330000
40SCc,33.54,240000
42eRa,64.98,344394
42eR9,48.58,274477
42eO2,61.19,324307
42eO1,64.50,348300
42eME,48.85,278445
42eMD,40.15,236885
41qvP,56.36,220000
41qwF,65.15,450000
41qo9,56.36,370000
41qni,58,405000
41qjZ,59.14,348926
41qjX,44.29,267954.50
41qjY,37.15,224757.50
41qjV,98.62,829000
41qfY,44.99,242000
41qfM,53.80,349000
41q2H,48.70,355000
41q17,43.69,240295
41q15,61.02,317304
41q16,60.58,315016
41q14,46.46,255530
41q11,46.90,257950
41q13,55.42,293726
41q0Y,47.90,263450
41q10,53.22,282066
41q0V,57.25,303425
41q0W,72.82,378664
41pOf,101.95,799000
41pOe,69,519000
41pKD,61,325000
40REF,125.50,1088000
41zHA,47.40,279000
4176x,76.72,440000
416Kd,38.10,255000
416K5,55,299000
416E7,89.20,590000
416vO,54,349000
416qL,76.72,440000
415VM,74,599000
414yB,49,340000
414y2,76.72,436000
414qN,49.41,215999
414pB,51.78,240000
414fB,59.04,350000
413WP,48,310000
413WN,111.10,570000
3SYy8,103.60,525000
413nv,80,445000
3YTso,49,276850
3YZTm,70.20,386100
412VX,57,399000
412WT,30.65,244000
412mI,69.40,420000
412kI,103,575000
412km,122.60,620000
412iD,88.50,464000
41EmQ,48.33,285147
41EmO,37.74,228327
41EmK,28.69,173574.50
41EmL,59.84,353056
40Hwa,93,449900
41Ekb,41.44,250712
41Eil,54.29,336598
41Ein,67.45,397955
41EfA,54.29,336598
41E81,62.80,358000
41E7k,47.47,275093.50
41E7h,37.86,229053
41E7e,59.84,353056
3ZfuI,60,375000
41Dvu,48.55,290000
3YTsk,49,276850
3YTzm,66.90,367950
3YTzy,48.70,275155
3YTAM,33.40,193720
3YZTa,68.70,377850
3YZTy,70.20,386100
40OoV,54.12,297660
41D6d,73,470000
41CFJ,30.25,176000
3Q880,67.93,366143
3YZSI,39.20,227360
3YZTq,70.20,379080
3YZUk,74,407000
42htW,48,345000
429ys,53.30,330000
426UN,48.15,410000
42j4M,72.67,315000
40sRK,63.80,405000
42dNR,72,450000
42iLS,52.40,290000
42iD8,48.50,309990
42izh,30.46,181237
42izg,48.94,288256.60
42itX,48.30,320000
42itW,80,614999
42itU,46,314999
42itg,51.10,310000
3Vb1m,84,390000
42ikR,32.38,207232
42ikS,53.41,320460
42ikO,44.84,264556
42ikM,39,250000
42icR,69.16,519000
42icO,38.25,494000
42icP,79,469000
42icN,30.74,399500
42iaG,27.76,194000
42giv,59.90,353410
425Ub,58,369999
42bBq,72.67,315000
3Xn3q,89.80,450000
3Xm4o,85,430050
3XlVg,45.82,252010
3XlVc,39.93,215622
3XkG8,92.70,599000
3XkcA,82.80,565000
3XiZm,57,330000
3XhSQ,70.70,600000
3XewO,119,495000
3VEWu,47.89,270000
3Xd8c,62,339000
3iQuE,120,620000
3Xc4c,48.60,260000
3X9EU,30.07,135000
3X9zK,61.55,356990
3X9zC,67.40,411140
3X8Kc,48.86,287785.40
3X8yo,39.34,204568
3X8jG,37.88,229174
3V3YM,36.60,285000
3X0Ic,59.90,353410
3X0I8,37.88,229174
3X0CY,90,720000
3X0a8,54,315000
41nvY,48.30,299900
42htM,34,249000
41OfX,49.41,266814
41O4g,48,345000
41NVd,62,390000
41NUy,45.67,356000
41NUx,48,299000
41NRs,20,97000
41Nxc,51.60,329000
41Nx1,60.20,380000
41Nst,91,950000
41NpI,103.60,530000
41Ne2,47.20,275000
41Ndq,48.18,250536
41Nbn,87.80,430000
41MSK,65,299000
41MPK,76.72,436000
41MOV,49.80,236000
41MOU,48,283000
41MON,30.30,280000
41MNW,64,390000
41MNw,51,359000
41MNt,97,438000
41MNo,44,235500
41MNn,48,282000
422ye,63,380000
41agM,50.04,277000
41yLF,35.99,199200
42lgn,72.45,399000
42hvb,69,399500
41Vzp,49.68,Zapytajocenę
41Vz7,95.36,Zapytajocenę
41Vz6,33.03,Zapytajocenę
41VyS,34.74,Zapytajocenę
41VyQ,44.89,Zapytajocenę
41Vyq,49.89,Zapytajocenę
41Vyo,33.04,Zapytajocenę
41Vym,34.74,Zapytajocenę
41VxW,46.47,Zapytajocenę
41Vxv,50.08,Zapytajocenę
41Vxw,33.04,Zapytajocenę
41Vvt,46.46,Zapytajocenę
41Vvl,49.68,Zapytajocenę
41Vv2,33.03,Zapytajocenę
41VwS,44.89,Zapytajocenę
41VwE,49.89,Zapytajocenę
41Vw9,34.74,267498
41Vui,33.04,Zapytajocenę
41VtL,60,440000
41Vtf,97.70,Zapytajocenę
41Vs9,53.70,340000
41WMt,38,299000
41WAo,33,197670
41WA7,36.20,299000
3ZQUk,87.50,430000
3ZhVg,48.90,317000
3ZgVQ,57.70,399900
3Z8BO,72.70,375000
3Z8hV,69,339000
3TjqA,72.45,406000
3Z7de,72.45,414000
3Z69C,60.69,279000
3Z3NK,61,329000
3Z2gI,72,414000
3Z1DG,35.87,215220
3Z1DK,48.29,299398
3Z0k4,45.93,229000
3Z0iI,32.04,230000
3YZUg,74,407000
3YZU4,74,407000
3YZTV,70.30,386650
3YZTS,70.30,386650
3YZTG,70.20,379080
3YZTu,70.20,386100
3YZTi,70.20,386100
3YZSY,68.30,368820
3YZSv,35.40,205320
3YZfm,87.38,480000
3YYPG,91.44,560000
40rnu,57,340000
3Up7m,102,612000
41qpc,59.40,315000
41WFR,47.40,285000
41y5p,53.30,330000
42arl,49.95,340000
41ZFC,34.74,Zapytajocenę
41ZFn,33.04,Zapytajocenę
41ZEN,47.11,Zapytajocenę
41ZEg,48.92,Zapytajocenę
41ZDN,33.56,Zapytajocenę
41ZD5,45.72,Zapytajocenę
41ZCI,49.45,Zapytajocenę
41ZCF,34.74,Zapytajocenę
41ZCx,33.04,Zapytajocenę
41ZCo,47.10,Zapytajocenę
41ZCj,48.92,Zapytajocenę
41ZCa,33.56,Zapytajocenę
41ZBU,45.72,Zapytajocenę
41ZBJ,49.45,Zapytajocenę
41ZBw,34.74,Zapytajocenę
41ZBm,33.04,Zapytajocenę
41ZB4,47.11,Zapytajocenę
41ZAH,48.92,Zapytajocenę
41ZAC,33.56,Zapytajocenę
41ZA2,45.72,Zapytajocenę
41ZzY,49.45,Zapytajocenę
41ZzU,34.74,Zapytajocenę
41ZzG,33.04,Zapytajocenę
41Zzq,47.10,Zapytajocenę
41n3Z,70,369000
41QfJ,62.80,317000
426P9,73.10,395000
42e8E,52,398000
42dQ2,59.47,344926
42dQ1,44.84,260072
42dP2,87.70,620000
42dO6,80,614999
42dMQ,61.55,375455
42dMP,32.38,207232
42dMO,61.55,375455
42dMM,59.47,362767
42dML,53.41,341824
42dMH,41.98,253979
42dMI,37.73,228266.50
42dME,66.75,407175
42dHd,63.72,369000
42dEV,44,330000
42dEQ,81.31,340000
42dCj,35.48,255000
42dAB,45,259000
3P2mI,120.48,509000
416xY,144.98,549900
42dvI,23,140000
42dvH,38,273000
42dvE,62.40,390000
42oix,61.80,369000
3ZNCI,112,559000
3ZN7O,92.25,489000
3ZN7K,75,389000
3ZLuQ,30,64000
3ZKsv,54.05,398000
3ZIyY,66.40,385000
3ZHJV,66.40,395000
3ZH7e,106.15,749000
3ZF1O,68.20,339000
3ZAOE,121.12,639000
3Z1Mg,58.60,317000
3ZwVY,112,559000
3Zwt2,46,249000
3Zs84,65.60,787200
3Zr3G,62,420000
3ZogQ,17,130000
3Zogo,84.93,375000
3YjiI,95,480000
3Zm1K,49,400000
3Zlis,42.71,279000
3YyIM,70,420000
3Zj7m,48.33,285147
3ZiI8,67.30,419000
3ZhY8,66.40,385000
3D6jm,42.45,403275
3D6kI,84.49,844900
3EwWO,78,469000
3D6go,60.47,544230
3DOJq,118,707882
3DDQA,56.78,317400.20
3D6g4,101.86,1018600
3D6r6,113.86,1138600
2bCbd,124,579000
3D5x6,75.50,349000
30CwG,104.81,680000
3D116,93,605000
3CB48,103,599000
3Cxxa,57,360000
3CwgY,104,459000
3Ckb2,98.90,650000
3C0zS,160,729850
3BP12,78.60,550000
3Bsk4,55,336000
3Bm4k,72.30,350000
3AEab,71.29,360000
3Az9h,60.59,659000
3AnMb,68,365000
3AcSr,55,339000
3X05m,75.12,495000
3X04Q,45.66,268937.40
3X04s,47.62,276196
3X00g,66.42,391213.80
3VZYs,30.16,179452
3VYNa,45.58,273024.20
3VYIY,54,318060
3VYHy,45.58,268466.20
3VYG0,45.15,265933.50
3VYFi,45.58,268466.20
3VYD2,45.58,268466.20
3VYBC,85.77,505185.30
3VYzK,42.43,249912.70
3VYvA,64.93,382437.70
3VYuY,62.49,368066.10
3VYt6,63.66,372411
3VVyg,106.70,519000
3VWGY,47,245000
3VWFq,42.43,246094
3VWBq,64.83,379255.50
3VWvU,42.43,246094
3VWqQ,63.66,372411
3VWn2,42.43,246094
3VWmk,64.83,381848.70
42nc6,87.70,559000
420eQ,111.68,569000
420cW,60,369000
420cL,48.60,256000
3JXhO,79,475000
4207O,48.60,256000
4206E,21.41,190000
4205t,48.50,339000
4200H,62,349000
41ZVa,69.40,420000
41ZS2,48,304000
41ZLG,78.56,Zapytajocenę
41ZLy,102.51,Zapytajocenę
41ZL8,113.08,Zapytajocenę
41ZL3,33.56,Zapytajocenę
41ZKZ,45.72,Zapytajocenę
41ZKU,49.45,Zapytajocenę
41ZKH,34.74,Zapytajocenę
41ZKv,33.04,Zapytajocenę
41ZKh,47.10,Zapytajocenę
41ZK9,48.92,Zapytajocenę
41ZJR,33.56,Zapytajocenę
41ZFX,45.72,Zapytajocenę
41ZFF,49.45,Zapytajocenę
3SDuk,71,360000
3SDug,41,240000
3Mw0Y,103,620000
3SsO8,68,350000
3Ss2o,69.64,395000
3Snhm,72.20,399500
3SkVY,48.70,277590
3SiSA,43.51,256709
3ShZm,35.87,215220
3Sax6,46.51,274409
3S8VQ,57,390000
3S5d2,29.50,171100
3S1f6,51,380000
3RV2Q,169,460000
3MeL2,56.78,317400.20
3RHPa,68.37,429000
3REu4,58,335000
3RBG8,64.45,335140
3RBG4,49.64,258128
3JKAU,27.50,167750
3Rw8g,110,499900
3RpV8,100,815000
3Mb0A,83,690000
3RnOE,61.19,330426
422SK,50,382000
41emp,140,550000
3UqBS,44.50,350000
410L9,54,340000
40UOx,58,310000
41Ywi,46.10,Zapytajocenę
41YuC,49.76,Zapytajocenę
41YuA,34.74,Zapytajocenę
41Yux,33.04,Zapytajocenę
41Yuo,46.47,Zapytajocenę
41YrU,63.30,390000
41Yre,50.08,Zapytajocenę
41Yr9,33.56,Zapytajocenę
41YqI,46.10,Zapytajocenę
41mAV,35,159000
41tIs,35,189000
41tII,35,219000
41YfG,98,595000
3D5rm,58.20,409000
3Abx5,58.20,409000
41sx2,29.50,171100
3QbwV,32.20,280000
3SXvM,65,399000
41XmT,60.80,380000
41XlE,33.50,85000
41Xd9,58,330000
41Xd7,60.18,380000
42bI5,49,309990
40Stl,48,289000
418lN,36,251900
42hMP,80,260000
42hMM,64.98,337896
42hMK,65.01,341302.50
42hML,51.36,264504
42hMI,49.40,266760
42hMJ,48.18,250536
42hMF,47.90,263450
42hMG,53.22,282066
42hMH,46.51,274409
42hME,54.55,321845
42hMA,40.04,220220
42hMB,43.69,240295
42hMC,44.23,243265
42hMD,45.09,247995
42hMz,35.87,215220
42hMy,48.83,283214
42hMv,62.49,368066.10
42hMw,66.02,388857.80
42hMt,45.15,265933.50
42hMu,45.66,268937.40
42hMr,54,318060
42hMp,64.83,379255.50
42hMm,42.58,246964
42hMk,64.99,363294.10
3VJSE,93,599000
40UMh,32.38,207232
40UEf,51.81,331584
40UEg,29.23,189995
40UEd,29.23,196995
40UEb,41.98,262187
40UDd,52.13,286715
40UuE,44.45,209000
40Unm,110,390000
40U12,66,439000
40TLo,42.57,240000
40TLm,65,439000
40TIp,54.80,363000
40TBA,60,225000
40Pdx,59.10,320000
40Ovx,48.48,140000
40TAx,69.33,415286.70
40TAw,51.81,326403
40TAt,51.01,316262
40TAp,29.23,189995
40TxP,59.03,330000
40Tj8,67.43,375455
40T2Z,67.43,391094
40T2Y,66.70,407419
41QTM,76,519000
3Ymqo,47.04,365000
3k86c,63,350000
3jUhu,60.82,316264
3jhnk,63,349500
3j1bY,55.44,349000
3iBZA,128,610000
3gFxG,135,877500
3gnzk,62,418000
3g3uI,78.50,628000
3g3uK,94,700000
3fIVc,73,359000
3fi8g,98.37,577150
3dufI,98.90,670000
3cMTq,92.80,490000
3aMlq,48,243000
38Pye,108.89,750000
38F1g,104.90,445000
37R8u,92,550000
30NHV,120,620000
35l3s,65.01,338052
32PHK,50,237000
31W68,72.20,324000
31z0G,97,739000
2AgOv,165,645000
2AgPG,95,370000
40NJs,72,400000
41ZTe,72,449000
426If,60,380000
42jsJ,54.40,376000
42lXq,40,360000
41JyU,52.08,269000
42lVA,54,323460
42lVy,45.58,273024.20
42lVx,48.83,283214
42lVv,62.49,371815.50
42lVu,42.58,250796.20
42lWR,50,310000
42lTz,56.50,295000
42lTx,60,385000
42lTs,50.90,319000
42lKO,48,260000
42lKM,48.50,340000
42lKJ,32.50,227000
42lKI,36.50,215000
3A5vD,42,150000
3zZtt,105,690000
3zUGr,65,325000
3zPLx,49,340000
3zhg3,120,620000
3zco3,165.50,1250000
3z2LB,58,279000
3z1cT,103,575000
3yUjZ,90,720000
3xy5B,58,379000
3vZGw,65.88,305000
3gnTG,108.05,499000
3uyk0,68.37,429000
3udMk,66,450000
3tQ96,140,1100000
3sc7K,101.95,890000
3qAKs,111,619000
3qqm0,75.97,460000
3qqlK,45,270000
3p8Qo,38,289000
3nWXq,71.52,486000
3m1Ub,69.64,465000
3lHqV,72.30,368500
3lxgM,73,435000
41MNm,58,338000
41MNj,67.30,419000
41MNc,106,540000
41MKN,51.60,329000
419Y5,61.82,369500
41MAl,51.60,329000
41Mvi,51.60,329000
41Mtp,34.50,190000
41Mj9,88.39,770000
41MiF,47.70,307000
41M7x,65.10,345600
3Krgg,66.70,406870
3JHCI,67.40,384180
414uc,60.40,359000
41GDP,63.30,449900
41L97,45,350000
41ykV,50.40,269999
41KPv,36,305000
41KKy,35,189000
40N87,59.05,330000
41KHW,20,179000
41KCB,65.89,450000
41KCw,50,277000
3UsoQ,72,380000
41ySi,49,298000
42hMi,121.13,754640
42hMj,57.34,320530.60
42hMe,48.15,322650
42hJw,76.86,376614
42hJv,62.70,326040
42hJt,47.90,263450
42hJu,53.47,283391
42hJr,72.82,378664
42hJs,57.25,303425
42hJp,53.65,284345
42hJq,76.86,376614
42hJn,64.45,331917.50
42hJo,60.72,315744
42hJk,88.27,525000
42hJl,65.01,338052
42hJm,61.30,315695
42hJi,51.36,272208
42hJj,65.01,334801.50
42hJh,49.64,255646
42hIP,46.80,266000
41Eiy,81,520000
41SnZ,28,168000
41GAP,48.70,340000
40Ycz,62.30,337000
41reJ,59.40,315000
41GjT,52,309000
41GhZ,75,790000
41Gbl,34.60,235000
41FQw,58.64,387024
41FNH,26.99,175000
41FMu,48.88,322608
41FDI,87.04,404736
41FoO,36.30,219615
41FoN,48.33,285147
41FoM,41.98,253979
41FoL,37.74,228327
41FoK,37.73,228266.50
41FoI,59.84,353056
41Fk6,61,385000
41Ffm,59.75,440000
41edv,64.12,450000
40Vh4,59.50,330000
41F1y,67.45,397955
41F0p,40.85,247142.50
41F0f,47.40,289000
41EKc,48.21,288000
41EmT,36.30,219615
41EmR,27.03,163531.50
3PQBO,48.59,249000
420eG,37.30,248000
429YF,44.80,220000
42bbu,48,275000
427XZ,61.70,325000
426pK,55,335000
41Rwv,45.67,356000
41xhM,33.55,270000
42bFu,28.80,230000
41XWF,80.70,475000
41XGp,100,789000
42bE4,70.70,489000
41HbR,52,330000
42bBp,44.80,220000
42bAw,47.20,275000
41XPO,46.35,315000
42bzd,50.80,220000
42btX,62.33,380000
425zh,40,370000
42brn,81.90,312000
42bp3,62.70,326040
42bp1,53.65,284345
42boZ,44.84,260072
42boY,44.84,264556
42boX,44.84,269040
42boW,32.38,207232
42boU,32.38,210470
3TMOv,74.50,499000
3TLnC,115,350000
3TKZa,30.25,175450
3TIWG,52,349000
3TIsQ,76,399999
3TIs0,72.97,459900
3THhG,118,692000
3TGxV,145.90,515000
3TnHO,92.25,489000
3TkQI,129.10,610000
3KHFC,54.80,276740
3PZSM,47.66,252598
3Q0gk,61.30,318760
2KnzP,135.27,750000
3T7qI,61,380000
3T1EA,87.50,379000
3SUUc,98,510000
3STwy,61.30,315695
3STwC,51.36,264504
3STwq,64.98,337896
3SSni,35.87,215220
3SMP2,70.90,369000
3SIhu,69,449000
3SIaQ,117,520000
42gJk,62.80,325000
42gJh,50,309000
42gJd,46.60,280000
42gHZ,56.49,345000
41yOS,51.71,369998
42gs0,48.50,279000
421RW,57.50,319000
3KsX2,100,799000
42gnc,49,180000
42giz,44.84,260072
42giy,61.55,356990
42gix,37.88,229174
42gfU,62.20,325000
42gfA,101.95,799000
42fWJ,47.20,275000
42fUX,63,333000
428eH,42.69,279000
3M2i8,91.60,770000
3zOtR,56,379000
42fN6,56.80,367000
41cTr,50.04,277000
42e7k,45.10,263000
3Nd2c,73.93,398483
3NcXO,73.98,377224
3NcPO,61.89,337301
3NcIv,61.77,327319
3N8Zy,38.12,197000
3MWOE,57,365000
3MWOI,28,210000
3MWrG,62.28,430000
3MU5C,59,369000
3MU5y,68,456000
3MTj6,49.36,273948
3MRo8,62,314000
3MHAM,125.50,1088000
3MGta,71.41,435000
3MF08,38,228000
3MF0c,62,320000
3MF00,56,279000
3MyB6,76.23,380000
3IOXu,111.10,615000
3Mtbi,67.40,384180
3Mtbq,67.40,411140
3Mtbu,66.70,406870
3Mtbe,67.50,411750
3Msyk,71.34,395000
41ycj,60,298000
41lef,55,248000
41yqI,48,277000
41K9D,117,468000
41JsT,93.65,570000
41J8Y,47.70,307000
41J5W,48.90,312000
3XFbO,43.50,279000
40XLu,54.27,269900
3ZQb2,49.20,249900
414qK,54.85,363000
41IGr,41.44,250712
41IGo,54.29,336598
41IGn,67.46,398014
41IE5,108.30,475000
41ICd,48,279000
41IBT,55,350000
41IBH,47,219000
41b5w,112,660000
41IeS,55.50,329000
41I8B,82,525000
41I7w,88,780000
41I6N,36,169200
41I3b,30.65,239000
41I2m,45.67,359000
423BI,53.10,387000
423ZH,48.33,285147
423ZG,48.85,278445
423ZE,69.53,410227
423ZF,48,269900
423ZB,38.04,230142
423Za,60,358000
423Z9,37.30,248000
3YTsI,48.70,275155
423SS,31.80,219000
423ST,32,229000
3XxX2,84.50,480000
423LM,73.93,377224
3VJZG,69.16,519000
3Ki4v,63,415000
416Lb,73.30,389000
4236n,54.20,325000
4116R,39.90,224000
4231S,30,230000
4231Q,59.70,340000
41Xod,112,660000
422PC,55,258500
422Et,47,315000
422Eh,48.40,283000
42bu7,38,250000
3UHcU,86.37,429000
3XVxm,79,489000
42kP3,61,319000
41CO0,49,330000
42kN9,54,270000
425rj,39.77,217000
42dIQ,36.30,263000
42eHG,36.10,257000
42joe,31,215000
42jsy,46.79,228000
42gcJ,46,245000
42gov,48,269000
42kmP,40,230000
42kmO,35,230000
42dKi,52,350000
42klH,70,420000
42klF,30.50,188000
42klG,54.40,376000
42nqX,48,345000
41NKn,72,379000
40q4k,29.80,215000
41FSo,76.30,496000
42ong,62.38,390000
429ak,53.50,349000
42olb,54.50,376000
42ol8,48,280000
42beZ,33,239000
42oi9,24,199000
41Syi,47.50,287000
42o0R,60,375000
42mnz,59.90,369000
42nV3,81,697000
42nMa,27.30,245000
423hi,67,460000
419Fw,45.67,356000
426IX,53.65,276297.50
426IY,60.38,304919
426GW,46.10,276000
3Ko1V,94.94,499000
41zNv,36.50,216000
426yD,38,210000
426yB,34.50,187900
426yv,67.74,369900
426wj,72.20,376000
426wg,57.90,325000
426wd,74.66,567000
426wa,164,635000
426u0,55,325000
426iE,45.67,356000
41LyQ,92.20,425000
41uVx,49,339900
41wBj,62,399000
42693,90,495000
425XB,53,399000
425Xx,48.24,259000
425VD,55,337500
41vvr,44,310000
3ZVdq,48.98,270000
3YVxC,61,300000
41CP3,55,329000
3Lt6k,58.26,395000
3Lt6E,47.37,355000
3Lt6I,47.37,355000
3Lt5O,57.39,390000
3Lt5S,57.39,390000
3Lt68,57.39,365000
3Lt6c,58.26,420000
3Lt52,57.13,420000
3Lt56,57.13,395000
3Lt5a,57.13,395000
3Lt5m,57.13,380000
3Lt5G,57.13,370000
3LjZV,67,299000
3Lg52,61.77,327319
3L6Xq,76.50,459000
3DRsc,71.50,528900
3FhV0,48.50,339000
3KRj2,76,439000
3JS80,62,355000
3KJas,54.55,321845
3Krli,71.71,420000
3KoA4,62,400000
3KdXq,102.42,665730
3Kdla,94.50,439000
42nM9,66,429000
42nJG,57.60,349000
42nJE,57.80,310000
42np4,60,385000
42np1,54.40,376000
42nIm,58,379000
3VxIo,76.23,485000
42nFI,60,358000
418Ag,47.90,325000
41ncE,92.25,489000
42nDO,45.66,273503.40
42nDN,56.78,317400.20
42nDL,66.02,379615
42nDK,45.15,270448.50
42nDI,29.23,189995
42nDG,44.23,243265
42nDH,68.57,356564
3VQ7a,80,420000
3WwQo,92.25,489000
3VIcA,101.95,810000
3VI5i,65.65,465000
3VylS,108.84,475000
3UghS,48.18,255354
3Vwmc,27,79000
3VrZq,35.87,215220
3VrKc,129.10,850000
3VrJV,65,259000
3VpBG,41.53,251256.50
3VpbO,62.86,370874
3VpbC,62.86,386589
3Voeo,40.99,247989.50
3Vo7e,74.67,459220.50
3VnY4,51.64,304676
3VnNe,59.14,348926
3VnNa,59.14,348926
3VnE8,37.15,224757.50
3Vnuo,44.29,267954.50
3VlRy,95.62,450000
3VjWm,48,297000
3VjuM,41.98,253979
3Vjnu,59.90,353410
3WZkY,35.87,215220
3WYtG,56,349000
3WXGc,56,359000
3WW0Q,93,489000
3WUje,71.50,500000
3WUiQ,49.18,250000
3WS1V,47.53,289000
3WK0M,46.20,259000
3WJ5O,164,497000
3WHL2,62,320000
3WDgg,35.87,225981
3WD4M,63,299000
3WwNV,92.25,489000
3WuV4,27,198000
3TNpO,72.45,429000
3WpKE,65.50,335000
3WoSM,26.65,229000
3WoSE,29.93,253000
3WmVo,53.47,283391
3WjAs,90,530000
3WgSY,98.30,330000
3Wfk8,94.50,435000
3WecE,73,474000
3WdsY,62,369000
3STHS,65.01,338052
40X4w,81.31,330000
42831,20,189000
3LBXy,59.51,297550
42aSV,49.10,382000
40Rpr,50,379000
41Vnn,76,460000
3pXlG,101.95,799000
3Veko,69.16,519000
429XA,55,359000
429Xy,48,269000
428rn,39.80,229000
429Wn,59.75,440000
429LP,102.97,580000
429Lr,60.20,368000
3Z09a,91.44,560000
41m9c,149.60,2000000
41hKa,112,580000
429GZ,29,193000
429F1,85,480000
429za,28.79,230000
425cJ,19.70,190000
41n6r,48.30,269000
41mYL,60,450000
41mTG,50.04,277000
41mJA,98.40,295000
41mGs,37.86,229053
41mGl,65,649000
41mzY,62,415000
41mzN,47.20,269000
41moh,30.18,182589
41mlA,70,420000
41mhs,51.87,350000
41mhe,156.50,699000
41mh2,45.67,356000
41mca,64,419000
41lXl,92,469000
41lJR,35,190000
41lmN,61.12,395000
41ljW,54.70,355000
41l7f,111.19,530000
41kSW,55,398000
41kCM,66.49,420000
41kCp,69.62,415000
41kvd,36.30,219615
41kvc,41.98,253979
428rC,84,690000
3UErK,48.59,249000
3UA4Q,40,350000
3Uzzm,38.80,229000
3UyDS,32.32,234000
3Uwqs,80,680000
3Mi9S,64.99,363294.10
3UeQg,35.48,262000
3UbLm,35.90,215400
3UbBK,67.65,469000
3U8g0,99.10,420000
3MaFa,89.90,502541
3U3io,118,708000
3MaiE,62.33,348424.70
3U2p2,111.10,589000
3U2ni,40.05,360000
3U2n2,101.95,799000
3U1CU,14.50,99000
3U1xe,101.95,799000
3SoB2,96.90,412000
3TROA,85.43,599000
3TQx6,64.45,335140
3TQx2,51.36,272208
3TPU4,71.70,415000
3PKw6,36.20,300000
41Umj,63,420000
41Aty,60.82,413576
41Ams,59.90,353410
41Amt,37.73,228266.50
41AjE,73,490000
41A6Q,49.71,236000
41zYx,36,235000
41zPe,35.87,215220
41zPd,35.87,215220
41zPc,34.03,214389
41zNC,88.80,560000
41zJC,63.30,410000
41zFi,45.67,296855
41zya,62,380000
41zqQ,46.20,279000
41zmi,45.47,275093.50
41zjE,42.70,279000
41z8W,33,214500
41z7W,28.10,185000
41z43,59.99,353941
41yZU,89,578500
41yTa,43,279000
41yT9,46.79,225000
41yDv,30.80,225000
41ysI,51.81,310341.90
42niH,50.33,271782
42niF,62.79,339066
42niD,62.79,339066
42niy,50.33,271782
42niB,50.33,271782
42ni9,48.50,299900
42neM,50.90,310000
420XB,84,566000
421gy,46,355999
42beg,62,390000
41xce,63.43,329836
42dxq,58,300000
42nd1,30.54,255000
42i2N,47.04,365000
42042,60,358000
42ncJ,60,385000
42ncH,48.30,299000
41RiK,77,1300000
41h2Y,68,385000
3UjTy,75,262000
3Uk3C,105,366000
40VWc,73.14,370000
40XYV,70,420000
41gXL,23.17,169400
41gXv,45.67,356000
3UghV,48.85,261347.50
3Q5nG,52.72,282052
41gLZ,83,515000
41gG5,62,325000
3XNqU,33.60,145000
3QxlV,24.06,144360
41gqC,96.27,299000
41gfT,73.10,349000
41gcv,103.40,575000
41gaL,39.66,305000
37Q8m,70,413000
41fAF,51.36,264504
41fAG,49.32,261396
41fAE,48.18,250536
41fvR,75.74,450000
41fnf,46.51,274409
41f1d,47.70,299000
41eGP,76.80,436000
41eGs,118.20,696082
41etO,50.04,277000
41ep6,50.50,277000
41e8P,71.60,350000
41dGT,54.85,363000
41dC1,36.60,289000
41dBA,53.11,365000
41dBz,88,464000
41dBo,56,325000
41dzU,48.98,292000
41dyG,39.28,237644
41dyI,39.66,239943
41dyE,69.53,410227
41dqj,49.10,349000
41dqh,45.67,359000
411WZ,102,500000
41c7H,62.20,325000
40IPp,49,290000
3PZSs,47.66,245449
40IlY,57.53,435000
3W39K,112,559000
41d3q,81,607500
41d3o,78,585000
40aYM,47.89,275000
407Qv,81.10,559590
4077a,45.75,269925
4076Y,67.43,411750
4076Q,61.60,357280
406U4,54,349000
402V0,41.06,229936
402NO,55.91,313096
402f2,45.75,260775
401iI,43.98,248487
3ZY6o,66,439000
3ZVcv,47.70,311000
3ZWm0,84.50,470000
3ZT2g,61.70,355000
3ZSSo,29,228000
3ZRDC,75.71,449000
3YjgQ,51.81,331584
3YjhG,48.92,305750
3Yjkg,41.98,256078
3YnlO,29.23,189995
3Ynms,59.17,366854
3Ynmv,59.17,366854
3Ynn2,55.24,346887.60
42hup,33.40,249000
417io,53.26,385000
42h46,25,90000
42h3S,33.50,255000
42gXX,58.23,430000
42gWG,33.11,259000
41vnr,76,135000
41Zzi,48.92,Zapytajocenę
41Zzb,33.56,Zapytajocenę
41Zz6,46.10,Zapytajocenę
41ZyY,49.76,Zapytajocenę
41Zyn,88.27,530000
41AmZ,50.05,277000
41Y70,85,480000
41Zac,51.08,319000
41Z6t,46.86,219000
41Z4k,36.30,263000
41Z1n,46.77,330000
41Z02,42.30,182000
41mj5,54.85,363000
41YBv,33.04,274232
41YBs,46.47,Zapytajocenę
41YBl,50.08,Zapytajocenę
41Yzb,33.56,Zapytajocenę
41Yz4,46.10,Zapytajocenę
41YyI,49.76,Zapytajocenę
41Yyw,34.74,Zapytajocenę
41Yvh,33.04,Zapytajocenę
41Yv1,46.47,Zapytajocenę
41YwI,50.08,Zapytajocenę
41YwC,33.56,Zapytajocenę
42aWo,31.09,230000
40VW5,73,329000
3Lisv,53.65,284345
3LisE,76.86,357399
42aRQ,45.79,274500
429un,53.30,330000
429sG,45.93,245000
429rp,61.30,315695
429qk,49.16,285000
429pL,27.96,169158
429iL,52,360000
3YTti,51.60,291540
3YTzV,49,276850
3YTAs,51,288150
3YTAA,66.90,367950
3YZU0,70.30,386650
3YZUc,74,407000
40OoP,67.93,373450
429bX,34,279000
429aQ,36.60,299000
429aB,72,339000
429a2,40.85,247142.50
41fXZ,103.40,575000
41asA,104.62,560000
41AS6,59.17,388000
41BFq,46.77,330000
428RE,35,185000
428MF,125.50,1088000
428xO,54.05,398000
3IBPi,49.20,290280
3IBPm,38.63,231780
3IwWu,71.85,370551.29
3Iq9G,24,189000
3Ig5m,59.80,355000
3yYC7,74.50,390000
3HWac,178,689000
3D6ms,82.24,781280
3HHuk,94.14,537000
3HCoc,55,280500
3HsNy,66,370000
3HqpV,48,319950
3Hqq4,55,230000
3H80Q,35,199500
3H23O,74.50,390000
3GXcQ,181.55,1452400
3GeoM,100,990000
3FZdu,69,729000
3FZdy,31,326000
3FKXS,93.56,699000
3FJpV,74.60,390000
3FpnV,61.77,336646.50
3Fpnu,69.30,363825
3F0Us,115,699000
3Mr8E,48.15,322605
3MpVo,48.59,325553
3MpWV,88.16,580000
3MjUA,79.25,580000
3Min6,104.88,439000
3Mg1y,48.15,322650
3MeNi,48.30,259000
3LEFu,53,295000
3LZ6A,62.28,430000
3LVmU,42.70,222040
3LVmY,59.51,309452
3LVn2,59.51,309452
3LVn6,59.51,309452
3LVmI,42.70,230580
3LVmM,42.70,230580
3LVmQ,42.70,230580
3LVmk,39.34,204568
3LVmo,49.41,266814
3LVms,49.41,266814
3LVmv,49.41,266814
3LVmA,49.41,256932
3LVly,43.34,225368
3LVm4,39.34,212436
3LVlq,43.34,234036
41HQv,39,198900
41HMK,41.44,250712
41HMJ,27.96,169158
41HMH,54.29,336598
41HMG,67.46,398014
41HMC,41.44,250712
41HMA,27.96,169158
41HMy,54.29,336598
41HJE,68.05,389000
41HyB,62.22,355000
41Hxt,31.83,192571.50
41Hxw,67.45,397955
3YTzu,48.70,275155
3YTzS,48.70,275155
3YTAE,66.90,367950
41Hnm,55,338000
41HaY,47,280000
41GRR,36,235000
41GML,88.60,407000
41GMK,93,407000
41GJN,66,429000
41GJF,57,210000
41GDD,44.29,350000
41Gnh,37,245000
2Yfm0,73,515000
2Xg2j,52,348000
2VwxX,136.50,690000
2SEQ3,36,335000
2SycW,160,1049000
2RBUj,104,310000
2OmuN,32,156000
2MhfP,106,448000
2DGkA,70,420000
2kp19,65,380000
2jM63,52,304000
3LBXq,49.41,266814
3Vwsc,49.83,399900
3Rp5m,18.90,215572
41nNE,55,269000
428wh,19.70,190000
428nv,55,335000
428np,62.50,357000
428no,80.86,182000
428hx,36.10,257000
428eK,45.67,356000
428da,88.24,485000
428d8,102.97,580000
41GHS,61.10,320000
3gELI,84,699000
41Ovl,88.50,464000
4283c,47.40,283000
41Ovm,48,345000
4282i,52.33,349000
41YqG,54.34,339000
427Zo,106.15,650000
427Y2,62,315000
427Vg,62.80,317000
40k6o,68.70,445000
427Td,48,280000
427R3,61.82,368000
3VxLV,68.59,314000
40Rfs,46,285000
42jXS,24.83,187000
41b0c,148,835000
42jTs,48,240000
42jSR,31,215000
42jSn,79,500000
42jLH,134,497000
42jIy,52.40,398000
42jGt,57,399000
42jtm,28.79,230000
42jqs,49.23,330000
42jqt,48.59,325553
42jqq,61.54,381548
42jqp,61.54,363086
42jqm,60.71,315692
42jqk,72.82,378664
42jql,57.25,303425
42jqj,62.70,338000
42jqh,64.17,345840
42jqd,67.76,372680
42jlL,56,361900
42jlI,20,193900
40Z3G,124,625000
40Z3m,45.75,265350
40Z27,76.72,436000
3PmgY,120.48,509000
40YRI,38.74,219000
40YLk,56.87,339000
3YZUo,74,407000
40Yzr,57,348000
40Yt8,67.40,435000
40XxR,68.59,308000
40XcD,175,497000
40X9B,51.81,331584
40X9A,69.32,415226.80
40X0H,60.55,369999
40VYI,67.68,460000
40VUz,76.72,436000
40VH6,68.59,308000
40VwT,75.89,440000
40VwE,37.61,210000
40VjS,64.99,347054.50
40VjQ,61.77,337900
40VjN,36.60,304000
40Vea,29.23,189995
40Veb,59.17,366854
42boT,32.38,213708
42boS,27.46,167506
42boR,27.46,170252
42boQ,27.46,170252
42bmZ,43.20,260000
42biU,61,459000
41BD6,84,383000
41k88,60,315000
41CNX,60.60,310000
41V2t,35,190000
3T8OE,36.39,180000
42bcp,62.80,317000
40hsA,56,379000
42b7S,59.48,362828
42b3e,61.53,375333
42b3b,32.38,213708
42b38,66.78,407358
42b36,53.41,341824
42b2L,48,279000
40NRA,48.70,335000
41RNG,57.50,360000
41Ufm,49.10,382000
42aXS,60.37,392405
42aTF,68.21,500000
3WcVk,49,308000
3W8II,58.40,365000
3Rj1q,91,495000
3R60M,94.55,540000
3MteI,60,285000
3W0hS,48.60,249000
3Swfq,72,379000
3TPzu,49.10,285000
3UZBK,154.30,1070000
3UYBe,72.33,414000
3UXUE,68.37,447000
3UXyI,35.87,215220
3UVWq,68,459000
3UVCA,49.50,300000
3UUw2,58.20,319000
3UTlC,62.36,320000
3UOx2,32.69,239000
3zAD1,120,785000
38KpY,108.05,499000
33m0I,162.30,555000
3G1Q4,80,496000
3UJ48,48.20,285000
3UFVU,63.02,349761
41rCq,45.09,247995
41rCp,40.04,220220
41rt2,60,440000
41rrR,33,214500
41ros,51.46,303614
41rot,59.09,348631
41ror,59.09,348631
41roq,37.13,224636.50
41roo,51.46,303614
41rom,59.09,348631
41rol,37.13,224636.50
41roj,44.11,266865.50
41rkz,103,575000
41rjD,62.20,327000
41rfQ,45,241500
41rcO,59.40,315000
41rcB,43,265000
41r7K,51.46,303614
41r7I,59.09,348631
41r7E,51.46,303614
41r7A,59.09,348631
41r6E,54.85,363000
41qVG,59,315000
41qB1,59.40,315000
3LVlu,43.34,234036
3LWUY,60.82,304100
3LWUU,60.82,316264
3LWUI,59.51,297550
3LWUM,60.82,316264
3LWUQ,60.82,316264
3LWGI,117.31,745000
3LWBK,121.13,751006
3LWAg,107.31,665322
3LWuA,62.28,430000
3LWu4,62.28,435000
3LWtG,121.13,754640
3LWsE,49.23,330000
3LWgY,48.15,322650
3lptc,100,370000
3LIXe,83.59,499000
3LIVI,83.60,398000
3LIVM,72.97,469000
3LGNV,53,295000
3LEaM,83,530000
3LE3y,91.10,450000
3KEOA,62.70,310365
3LuNS,47,265000
3Lt6g,58.26,395000
40Rfw,140,726000
40QKR,53.70,349000
40Qqu,53.61,294855
40Qqw,43.22,259320
40Qqt,47.73,267288
40Qqs,48.58,281764
40Qqq,48.60,281880
40Qqr,62.58,344190
40QpH,45.31,265064
40Q21,59.05,330000
40Q0K,62.50,385000
40PWw,92.25,489000
40PBw,54.85,363000
40Pr7,61.55,375455
40Pr1,67.39,377440
40PqY,71,395000
40PpS,53.70,350000
3YTzO,48.70,275155
40Ozt,51.75,392000
40OoX,67.76,365900
40OoU,64.22,346060
40OoR,64.17,345840
40OoS,63.89,351230
40NTl,50,329000
425MV,80.70,475000
425I3,49.32,261396
425Hx,21.41,180000
425H4,60.20,299900
425G7,41,229000
425C5,39,250000
3U7K8,112,559000
425ph,62.22,325000
425hj,59.74,440000
425cD,42.96,367000
425cE,47.04,399000
425ct,126,466200
425bd,73,399000
41Nlo,53.10,339000
3pUNu,72.95,525000
424wx,59.29,330000
424w1,160,599000
424tn,60,330000
41iaX,56.60,369000
424ps,48.50,265000
424nU,95.95,495000
424dK,34.20,273000
4242n,85,480000
40SMm,73.14,370000
40Sst,70.60,370000
40Scy,55.69,395000
40Scs,80.70,475000
40S65,69.25,414807.50
40S66,29.23,195995
40S63,51.01,313711.50
40S64,51.81,323812.50
40S5Z,29.23,189995
40S62,39.87,257161.50
40S5Y,51.81,328941.90
40S5X,50.98,318037
40S0n,62.58,356706
40RYJ,88.27,525000
40RW3,59.76,328680
40RTn,35.87,215220
40RTj,54.55,321845
40RTe,53.73,306261
40RTg,76.25,411750
40RTd,62.58,356706
40RTb,38.03,228180
40RTc,58.27,337966
40RT7,61.59,344904
40RT9,45.31,265064
3YK1S,55.10,290000
3OHqE,59.95,265000
3VroI,71.62,389000
3YIeM,35.87,215220
3YHu4,135.43,850000
3YHtS,71.34,399000
3YHtO,48.23,257000
3YFA4,110,330000
3YFsg,111,666000
3YBc8,52.10,290000
3YBa0,57.09,319000
3YySv,75.61,600000
3Yyx6,63.70,369000
3XzvM,45,350000
3Yxvo,31.37,235275
3Yxvs,27.94,209550
3Yxte,180,499000
3YvBC,58.62,315000
3Yvtm,56,345000
3YwQ0,69.50,367655
3YwPV,71.85,351993
3YwKg,71.73,358578
3YwKk,69.70,368713
3YwKc,71.64,361066
3Ojy4,49.20,305040
3Ojy8,49.20,290280
3OjxC,35.87,215220
3OjxO,46.51,274409
3OjxS,47.15,278185
3OjxV,48.29,299398
3Ojy0,48.29,284911
3ObMc,49.36,340000
3ObEv,102,800000
3O9g8,280,750000
3O90g,37.17,223020
3O8Y8,57.21,331818
3O6PK,49.36,340000
3NO1O,82.14,435342
3NG6Q,97.78,575000
3NG7a,125.54,725000
3NEGA,72,465000
3NyXV,49.36,359000
3Mx28,45,285000
3NuDi,75.50,375000
3NtGo,57,279000
3NtG4,47.60,249000
3NtFy,63,350000
41kvb,37.88,229174
3ISAQ,57,379000
41iD0,70,420000
3YKzq,69.20,548000
3Yd2Q,74,340000
3VVf2,73,450000
3X0TV,84,759900
3XSs4,34.40,235000
3Wseo,93,497000
3UnXq,76,450000
40YeW,46.79,225000
3ZaKg,92.90,450000
41jKr,73,489900
41jKs,100,640000
40Ryx,76.60,440000
41jvF,64,390000
41joT,54.85,363000
3Zjta,66.40,385000
41iUP,69.40,420000
41iGl,45.75,272050
3Q8ek,62.70,344740
41iCX,53.10,345000
41iCV,56,345000
41iuT,51.75,392000
42klE,44,317000
42kk9,64.29,366453
42kk7,74.98,419888
3STIU,51.36,272208
2lQzl,67,299000
3rDxy,101.95,799000
42k5G,108,740000
42k5F,156.65,515000
3XMBa,73.71,368476.29
3XMne,49.80,265000
3XMeg,73.93,369576.07
3XLX2,64,369000
3XJ7q,51.93,389475
3XJ7u,56.12,420900
3XIAE,63,384300
3XH5e,39,235000
3XH52,33,229000
3XFZy,59.34,445050
3XCvU,58,305000
3XCuQ,33.60,145000
3XCkg,60,404000
3XAc0,71.34,395000
3XzCY,44.99,349999
3QibK,26.55,265000
3QicQ,25.73,265000
3Xyy0,68,465000
3Xyy4,118.20,715000
3XyxS,68.37,435000
3Xxoo,32,230000
3Xx7K,27,79000
3Xx20,38.12,215000
3TOIc,70,450000
41Wxv,58.10,389000
41Wu1,76.86,376614
3VIcv,69,519000
41WhV,35.87,225981
41WhU,35.87,225981
41We7,32.05,195000
41W84,94.04,550000
41W83,88.91,520000
41W82,92.05,540000
41W7Z,92.05,540000
41W80,81.08,490000
41W7Y,81.08,490000
41W7V,88.91,520000
41W7X,94.04,550000
41W7U,94.04,550000
41W7S,92.05,540000
41W7Q,81.08,490000
41W7P,92.05,540000
41W7M,94.04,550000
41W7N,81.08,490000
41W7K,88.91,520000
41W5Y,46,307000
41UR8,49,370000
41Uph,68.50,389000
3OMxq,60,250933
3OK3u,75.30,375000
3OJDS,49.36,359000
3OH56,61,365000
3OB0Y,95.30,899000
3OjAk,35.87,215220
3OjzS,47.15,292330
3OjA0,47.15,278185
3OjzO,49.20,290280
3OjzC,61.54,381548
3OjzG,61.54,363086
3OjzK,54.55,338210
3Ojze,35.90,215400
3Ojzi,38.90,245070
3Ojzm,38.90,233400
3OjyE,46.51,288362
3OjyM,46.51,274409
3OjyU,35.87,215220
3Ojz2,35.87,215220
3OjyA,61.48,362732
3Ojyc,54.55,321845
3Ojyo,86.09,507931
3Ojys,86.09,507931
40HCJ,82.35,450000
40HBY,75.74,475000
40GAM,67,350000
40G7G,61.68,100000
40FfC,43.21,275000
40F3O,73.30,385000
40F3K,54.14,388000
40F3C,61,328000
40F0Y,49,325000
3ZK1S,61.12,385000
3KUfO,47.19,295000
3Uv5e,28.50,175000
3RCQg,121.70,598000
40ANG,60,430000
40A4o,51.30,333500
40zK4,68.10,344000
40zzm,61.12,385000
3Ojzq,35.87,215220
3YTAv,66.90,367950
40yuc,69.16,519000
40ylq,72,369000
3EOTS,70.20,130000
40xfO,47.80,365000
40ug4,46,249000
41pHb,65.47,449000
410AF,71.60,465000
41py2,30.65,240000
41psX,31.83,192571.50
41psH,26.94,162987
41p27,74.41,430000
41p0k,69,519000
41ovp,84,760000
41o3c,49.71,236000
41o2S,65,649000
41o2i,27.03,163531.50
41nZi,72,370000
41nZh,70.50,349000
41nHD,65,350000
41nze,49.40,256880
41hnm,46.29,219500
41nqO,55.52,257000
41nm3,100,739000
41nbf,65.90,365000
41n6W,47,290000
41n6O,56.04,410000
41n6x,70,420000
41n6v,58,299000
3YTAo,51,288150
40Op0,62.70,338000
427zP,58.20,420000
42ian,53.41,320460
42iam,61.55,375455
42iak,32.38,213708
42ial,61.55,356990
42iai,32.38,207232
42iaj,32.38,210470
42iag,32.38,210470
42iah,32.38,213708
42iaf,32.38,207232
42i7X,32.50,219000
42i5f,70,520000
42i4u,68.80,370000
42i4p,65,399000
42i2J,54.70,359000
42i0x,34,239000
42hZQ,30.50,185000
42hZK,62.33,348424.70
42hZF,49.41,266814
42hVk,48,354000
42hUC,15,85000
3YXSI,81,399999
3YTAk,51,288150
3YTAc,49,276850
3YTA0,49,276850
3YTzG,48.70,275155
3YTty,48.70,275155
3YTtq,66.90,367950
3YTta,49,276850
3YTt2,72.60,399300
3YTsM,72.60,399300
3YTsQ,72.60,399300
3YTsE,48.70,275155
3YTsv,48.70,275155
3YTss,49,276850
3YTs0,49,276850
3Qiav,25.73,250000
3Qi9q,25.73,250000
3Qk00,62.02,309913
3YNsg,68.58,544000
3YN7y,76,450000
3YLAg,67,350000
3YLaE,74,720000
3YL5e,170,1050000
3YKsI,98,650000
40RQY,48.10,329000
40RPa,107,920000
40ROY,99.23,610000
40RMP,48.97,284026
40RMO,62.58,356706
40RMM,43.51,261060
40RMK,43.10,252135
40RML,43.22,259320
40RMJ,48.03,273771
40RMG,63.42,355152
40RMH,43.05,236775
40RMF,61.56,344736
40RME,58.27,337966
40RMC,46.29,259224
40RMh,53.65,284345
40RKH,48.58,281764
40RKe,74,385000
3YTsc,49,276850
3YTsU,72.60,399300
3YTt6,49,276850
3YTtu,66.90,367950
3YTAU,35.40,205320
40RjB,60.55,380000
3RNy0,106.70,520000
41UoW,46.77,330000
41INq,98.40,345000
41UjK,53.30,330000
41Ud2,94.04,550000
41Ud0,92.05,540000
41UcX,92.05,540000
41UcY,81.08,490000
41UcV,81.08,490000
41UcW,94.04,550000
41UcT,92.05,540000
41UcS,81.08,490000
41UcR,92.05,540000
41U8o,81,400000
41U7p,46.10,299000
41TZL,68,369000
40PZW,48.21,288000
41GQs,53.80,338000
41TNb,36.36,211000
41THR,68,369000
41TuH,51.60,329000
41TuE,68.50,389000
41TuB,68,369000
41Tr8,68.50,390000
40NSw,60,330000
40NLZ,57.90,295000
40NEO,63.04,355000
40NtU,62.29,380000
40N86,60,389000
3Qopy,124,495000
40MFy,69,419000
40Mce,59.05,330000
40MaX,88.50,464000
40LkM,61.54,381548
40KHV,53.70,350000
40Kpt,54.25,340000
40JbM,59.17,366854
40JbN,29.23,189995
40J8L,100,500000
40J7s,97.78,575000
40J4s,125.54,725000
40J1B,97.85,545000
40J0A,56.30,390000
40IML,30.10,229000
40IM6,110,290000
3SPHu,67,450000
40Ikp,45.40,350000
40HJI,129.23,850000
41CB0,57.50,339000
413rz,74.50,390000
41C9p,51.75,310000
41C94,55,350000
41h4G,45.70,355000
3ZnJG,53.11,360000
3PCLV,49.06,320000
3X7MI,66.42,391213.80
3X8Ek,66.42,395199
3VYA4,62.49,371815.50
3X7LK,48.75,282750
3VWx6,62.49,368066.10
3VWG0,62.49,368066.10
41BKz,50.04,276000
41Bx2,48.33,285147
41Bx3,36.30,219615
41BnL,63.30,399000
41BiZ,42.69,278900
41Bcj,35.87,215220
41B7o,48.98,255000
41B3q,41.98,253979
41B2v,117.82,649000
41B0l,88.50,464000
41ANC,54.55,299000
3Kddq,67.74,373000
3K2Wy,48.59,325553
3K2UI,49.23,330000
3K2Ti,121.13,751006
3K2Tq,117.31,739053
3JBQg,79.95,445000
3JBQA,75.30,375000
3JvhG,53.50,325000
3JnLV,59,299000
3Jgq0,100,790000
3Jera,47.90,320000
3JdZa,60,225000
3J8ji,48.30,249000
3J4dS,20,194900
3IXYv,66.43,360000
3IS52,62,421600
3IPDG,72,465000
3IE3V,54.55,321845
3IE3G,35.87,215220
3IE40,54.55,321845
3IE3u,35.87,215220
3IE3y,35.87,225981
3IE3i,35.87,215220
3IE32,73.32,454584
41sy2,73.71,372235.50
41suv,56,300000
41stv,48,249000
41siW,69.18,519000
41sdd,83.50,490000
3YTsY,72.60,399300
3YTA8,49,276850
3YZU8,74,407000
41saR,62.30,337000
41s2P,29.69,204861
41s2s,27,191700
41rNN,59.40,315000
41rCH,56.43,299079
41rCG,43.69,240295
41rCC,60.63,315276
41rCD,68.57,356564
41rCB,51.37,272261
41rCA,55.79,295687
41rCy,42.88,235840
41rCv,41.36,227480
41rCx,36.32,203392
41rCw,51.47,272791
41rCs,44.23,243265
41rCt,60.72,315744
3Rm12,14.62,79000
3Rkqc,96,299000
3Rhvs,73.90,367000
3Rhvv,73.71,368476
3Rhqg,73.98,369826
3Rhq4,62,337900
3Rhq8,61.77,321142
3Rhqc,71.63,341000
3Rhjq,71.73,346000
3Rhju,64.87,343746
3Rhjy,62,337900
3RheY,65,326000
3RfGY,64.98,337896
3ReoU,71.85,337623
3R8Ha,96,621900
3R8Eg,77,380000
3R5bG,94.55,540000
3R2bO,970,3000000
3QYTO,65.01,338052
3QYTG,48.18,257763
3QYTu,61.30,315695
3QYTm,49.40,266760
3QSR2,58,470000
3QQzC,76.86,364547
42n2G,72,340000
42mOr,59.80,335000
42mNd,50.88,343000
42mN0,60,340000
416Gh,43.21,269900
41enY,79,469000
42dvx,32.50,227000
42dtB,38.52,215712
42dnq,32.50,227000
42dnp,52.40,398000
42dmg,48,330000
42dkY,62,325000
42dki,82,312000
3QYkE,36.39,181950
42dgG,26,195000
42dgr,28.79,230000
4285R,53.30,330000
42cY6,48,345000
41Gzz,49,298000
41St9,68.50,389000
41Byv,100,350000
41JVo,77,510000
42d7a,48.17,239000
42aP5,48,280000
42cTq,80.70,499000
42cT8,74,315000
42cT5,45.30,239000
3VjnC,59.90,353410
3Vjnm,27.03,163531.50
3Vjnq,36.30,219615
3Vjhu,59.90,353410
3Vjhq,59.90,353410
3Vj1y,37.88,229174
3Vj1C,37.88,229174
3Vj1q,48.24,291852
3Vj1m,48.24,291852
3ViZi,52.33,279000
3ViW6,28.63,173211.50
3ViQ0,111,610000
3ViNV,39.28,237644
3ViO4,39.28,237644
3ViNS,69.53,410227
3VhGE,69.53,410227
3VhfS,93,489000
3VgkA,38.04,230142
3VdO8,39.66,239943
3Vdwu,39.28,237644
3V7FV,40,264999
3V6qv,69.64,400000
3V5eU,55.20,305000
3V4w6,20,102000
41IeL,45.10,274000
41H4B,45,275000
3ZNCv,49.30,259000
427JV,61,350000
427Jd,68.50,389000
427D0,52,370000
427zy,36,263000
427as,36.30,263000
42747,59,340000
3YTsg,49,276850
3YTzK,48.70,275155
3YTAg,51,288150
3YZSM,44.50,251425
3YTAI,72.47,398585
3YZT2,68.30,368820
40OoZ,67.93,366143
426M7,57.50,319000
426M6,36.30,263000
426L0,35,184500
426JE,51.46,303614
426JD,37.13,224636.50
426JC,37.13,224636.50
426IZ,42.98,236390
426J0,51.37,272261
3OhdC,63,415000
41ctx,48.90,289500
41cjv,45.67,369000
41ci9,150,2000000
41cbr,54.10,320000
41c98,54.55,321845
41c97,73,435000
41c61,45.67,356000
41bPo,45.67,369000
41bKC,46,356000
41bFR,65,500000
41a1j,61.12,385000
41a12,45.70,289000
419Bt,78.90,575000
419fv,97.06,499000
418QL,46.51,274409
418JA,80,450000
418sp,49,289000
4180W,81.90,520000
4180v,71.54,745000
417SY,33.17,189000
417MY,29.23,189995
417kx,57,399000
4176H,54,351000
42cdO,66.75,387150
42cdN,66.75,393825
42cdM,38,348000
41u1W,53.14,540000
42cab,38,223000
42c5B,32.40,230000
42c3Z,66.78,387324
42c3X,66.78,407358
42c3W,53.41,320460
42c3U,53.41,331142
42c3Q,48,299000
42c2D,28,230000
42c2s,28.79,230000
41Ybd,46.68,280000
42c0u,70.70,489000
42c0s,47.20,275000
42c0p,57.50,319000
42bXg,115,350000
40ZtS,76.72,440000
3IE36,71.63,444106
3IE3a,35.87,225981
3IDmU,35.90,215400
3IDn2,86.09,507931
3IDmY,35.90,215400
3IDlK,81.50,570500
3IDlS,35.87,225981
3IDlV,35.87,215220
3IDmg,35.87,215220
3IC1S,38.90,233400
3IC16,48.29,284911
3IC1e,82.98,489582
3IC1m,48.29,284911
3IC1q,46.51,288362
3IC1C,61.54,381548
3IC1G,61.54,363086
3IC1y,46.51,274409
3IC1K,49.16,290044
3IC1O,38.90,245070
3IC0Y,48.29,299398
3IC0U,36.65,219900
3IBP2,47.15,292330
3IBP6,47.15,278185
3IBPa,49.20,305040
422Eg,62.73,297000
4227H,30,230000
4226C,47.80,280000
4225w,68.50,389000
3Txzm,60,329999
41eVc,62.30,327000
421RB,64,398000
421BL,53.30,330000
421p2,36.30,263000
421kY,48,310000
421kN,47.80,329000
421f6,49.10,328000
421e7,48,328000
421bP,91.70,680000
4211c,48,326000
420Zt,48.80,180000
40UMd,59.05,330000
420Lz,82.60,484000
420jQ,48.18,250536
420jN,65.01,341302.50
420jK,61.30,315695
420jE,51.36,272208
420g6,66.40,379000
420eT,104,649000
41u6G,36.78,Zapytajocenę
41u5T,31.22,Zapytajocenę
41u32,53.82,Zapytajocenę
41u2t,46.53,Zapytajocenę
41u2j,65.01,Zapytajocenę
41u2b,42.10,Zapytajocenę
41u1M,36.78,Zapytajocenę
41u1j,31.22,Zapytajocenę
41u0i,28.60,Zapytajocenę
41tZm,53.82,Zapytajocenę
41tYu,46.53,Zapytajocenę
41tYq,65.01,Zapytajocenę
41tYg,69.70,375683
41tYf,42.10,Zapytajocenę
41tY6,40.75,246537.50
41tY5,49.33,305846
41tY4,52.57,310163
41tY3,36.49,220764.50
41tY1,36.49,220764.50
41tY2,36.49,220764.50
41tY0,60.13,354767
41tXY,37.13,224636.50
41tXZ,37.13,224636.50
41tXX,51.46,303614
42llL,43,205000
42lbi,46.61,284321
42lbg,44.84,264556
42lbh,44.84,269040
42lbf,66.75,400500
42lbe,66.75,393825
42lbd,66.75,387150
42l9D,55.75,268900
42l2S,38,136000
42kZu,76,549000
42kZi,59.34,356040
42kZe,59.47,350873
42kZb,59.47,344926
42kPw,124,579000
3Y59G,51.64,304676
3Y59C,59.14,348926
3Y51q,100.71,450000
3Y3Ic,33.58,240000
3Qi9S,25.47,250000
3Qib6,25.47,265000
3Y0bG,32,230000
3XYOE,67.74,373000
3XYOA,74.90,375000
3XYOv,47.87,260000
3XVHi,49.40,266760
3XVus,61.30,315695
3XWwC,92.25,489000
3VYKo,45.58,268525.10
3X8La,45.76,279136
3Mi7m,56.78,317400.20
3WA6Y,56.78,317400.20
3WAde,57.34,320530.60
3XTZG,37,175000
3XSa4,62.50,420000
3XNni,92.25,489000
3XNli,63,365000
3XMTC,69.70,368713
3XMJi,62.02,338009
411Ec,81.50,452000
3Q9ig,51.30,298000
3UZus,63.66,360000
419g9,45.38,235000
41xQE,49.93,309566
41xQD,40.75,246537.50
41xPz,34.48,208604
41xPx,36.49,220764.50
41xPy,37.72,228206
41xPv,60.13,354767
41xOn,37.13,224636.50
41xOo,44.11,266865.50
41xOp,60.13,354767
41xOm,59.09,348631
41xNo,51.46,303614
41xNn,59.09,348631
41xN0,37.13,224636.50
41xAr,62,370000
41xjg,30.27,255000
41vVa,87.49,390000
41vTJ,56,379500
41vTH,51,349000
41vPv,58.50,389000
40tLS,89.63,397443
40s6v,47.80,365000
3VZZC,48.75,282750
3X05a,66.42,391213.80
3X8ze,31.87,189626.50
3X8GI,31.87,189626.50
40idV,67.43,411750
40idS,45.75,260775
40i4s,98.83,790000
40hgc,50,329000
40fGQ,16.72,155000
40fc4,30.67,240000
40eJO,60,375000
40eHG,162.20,465000
40dxV,100,390000
40dxK,71.34,395000
40cWV,64.60,355300
40cWS,42.62,234410
40cQQ,25.11,175000
40czG,46.56,256080
40czy,53,291500
40cfu,59,362000
40c8c,46,253000
40c3y,117.82,649000
3YwCo,69.70,375683
3YwCs,61.77,327319
3YtXa,77.92,506480
3YsvU,73.87,379692
3YsvI,73.71,368476
3YsvM,73.87,395205
3Ysu8,73.81,387503
3YrTV,103,575000
3Yr64,68,465000
3YqO0,68,435000
3YqJO,32.20,223000
3YqD2,47,390000
3Ypec,33.60,145000
3XzvQ,47,350000
3Yo0s,43.89,350000
3Yo0o,69,519000
3Ym16,135,280000
3YkWK,60.69,290000
3YkE4,60.69,305000
3X8Jm,31.87,189626.50
3VYFy,54,318060
3VYJK,45.15,265933.50
3VYO0,45.15,270448.50
3Q17e,68,399900
3PZmY,86.50,490000
3PXNC,86.50,495000
3PQfe,48.20,250000
3PPZS,68,470000
3PPVs,118.20,715000
3PPUI,115.82,729000
3PKo4,60,400000
3PF7K,124.23,485000
3LBXe,60.82,304100
3PDev,73.90,379000
3PyLO,48.59,249000
3PnuY,66.03,450000
3KbiI,103,599000
3PktK,50,330000
3PhY8,79.67,517855
3PhYc,67.09,436085
3Pgus,60,425000
3PaUU,34.17,205020
3PaUY,35.87,215220
3Pamk,55.60,374900
3P7f2,35.87,215220
3P5tS,110,299000
3OVmM,45,304990
41vPj,56,379500
41vOV,35.87,225981
3Pm5S,144.98,549900
41vK3,80,440000
41vEV,65,390000
41wUW,60,320000
41wKN,56,379500
41wHa,43.65,235710
41wsa,117.82,655000
41wny,32.04,165000
41wlq,36.25,305000
41wbS,80.50,420000
41w6q,31.87,224000
41w5o,40.75,246537.50
41w5n,40.75,246537.50
41w5l,49.33,305846
41w5k,49.33,305846
41w5i,34.48,208604
41uZw,56,379500
41uZu,34.48,208604
41uZs,30.18,182589
41uZq,30.18,182589
41uZp,37.72,228206
41uZo,37.72,228206
